airportName,country,IATACode,fullName,latitude,longitude,units,source,algorithm
Kabul [KBL],Afghanistan,KBL,Kabul International,34.57,69.21,degrees N and E,amee/defra 2008,
Tirane [TIA],Albania,TIA,Tirana Rinas,41.41,19.72,degrees N and E,amee/defra 2008,
Algiers [ALG],Algeria,ALG,Houari Boumediene,36.69,3.22,degrees N and E,amee/defra 2008,
Pago Pago [PPG],American Samoa,PPG,Pago Pago International,-14.33,-170.71,degrees N and E,amee/defra 2008,
Luanda [LAD],Angola,LAD,Luanda 4 De Fevereiro,-8.86,13.23,degrees N and E,amee/defra 2008,
Saint John's [ANU],Antigua and Barbuda,ANU,V C Bird International,17.14,-61.79,degrees N and E,amee/defra 2008,
Buenos Aires [EZE],Argentina,EZE,Ministro Pistarini International Airport,-34.82,-58.54,degrees N and E,amee/defra 2008,
Yerevan [EVN],Armenia,EVN,Zvartnots,40.15,44.4,degrees N and E,amee/defra 2008,
Adelaide [ADL],Australia,ADL,Adelaide International,-34.95,138.53,degrees N and E,amee/defra 2008,
Brisbane [BNE],Australia,BNE,Brisbane International,-27.38,153.12,degrees N and E,amee/defra 2008,
Cairns [CNS],Australia,CNS,Cairns International,-16.89,145.76,degrees N and E,amee/defra 2008,
Canberra [CBR],Australia,CBR,Canberra,-35.31,149.19,degrees N and E,amee/defra 2008,
Gold Coast [OOL],Australia,OOL,Gold Coast Coolangatta,-28.16,153.5,degrees N and E,amee/defra 2008,
Melbourne [MEB],Australia,MEB,Melbourne Essendon,-37.73,144.9,degrees N and E,amee/defra 2008,
Newcastle [NTL],Australia,NTL,Newcastle Airport,-32.8,151.83,degrees N and E,amee/defra 2008,
Perth [JAD],Australia,JAD,Perth Jandakot,-32.1,115.88,degrees N and E,amee/defra 2008,
Sydney [BWU],Australia,BWU,Sydney Bankstown,-33.92,150.99,degrees N and E,amee/defra 2008,
Vienna [VIE],Austria,VIE,Vienna International Airport,48.11,16.57,degrees N and E,amee/defra 2008,
Baku [BAK],Azerbaijan,BAK,Bina,40.47,50.05,degrees N and E,amee/defra 2008,
Manama [BAH],Bahrain,BAH,Bahrain International,26.27,50.63,degrees N and E,amee/defra 2008,
Chittagong [CGP],Bangladesh,CGP,Shah Amanat International,22.25,91.81,degrees N and E,amee/defra 2008,
Dhaka [DAC],Bangladesh,DAC,Zia International,23.84,90.4,degrees N and E,amee/defra 2008,
Bridgetown [BGI],Barbados,BGI,Grantley Adams International,13.07,-59.49,degrees N and E,amee/defra 2008,
Minsk [MHP],Belarus,MHP,Minsk 1,53.86,27.54,degrees N and E,amee/defra 2008,
Brussels [BRU],Belgium,BRU,Brussels Natl,50.9,4.5,degrees N and E,amee/defra 2008,
Belize City [BZE],Belize,BZE,Philip S W Goldson International,17.54,-88.31,degrees N and E,amee/defra 2008,
Cotonou [COO],Benin,COO,Cotonou Cadjehoun,6.36,2.38,degrees N and E,amee/defra 2008,
Porto-Novo [COO],Benin,COO,Cotonou Cadjehoun,6.36,2.38,degrees N and E,amee/defra 2008,
Thimphu [PBH],Bhutan,PBH,Paro,27.4,89.43,degrees N and E,amee/defra 2008,
Paro [PBH],Bhutan,PBH,Paro,27.4,89.43,degrees N and E,amee/defra 2008,
La Paz [LPB],Bolivia,LPB,El Alto International,-16.51,-68.19,degrees N and E,amee/defra 2008,
Santa Cruz [VVI],Bolivia,VVI,Viru Viru International,-17.64,-63.14,degrees N and E,amee/defra 2008,
Sucre [SRE],Bolivia,SRE,Juana Azurduy De Padilla,-19.01,-65.29,degrees N and E,amee/defra 2008,
Sarajevo [SJJ],Bosnia and Herzegovina,SJJ,Sarajevo,43.82,18.33,degrees N and E,amee/defra 2008,
Gaborone [GBE],Botswana,GBE,Sir Seretse Khama International,-24.56,25.92,degrees N and E,amee/defra 2008,
Belo Horizonte [PLU],Brazil,PLU,Pampulha,-19.85,-43.95,degrees N and E,amee/defra 2008,
Brasilia [BSB],Brazil,BSB,Presidente Juscelino Kubitschek,-15.86,-47.91,degrees N and E,amee/defra 2008,
Fortaleza [FOR],Brazil,FOR,Pinto Martins International,-3.78,-38.53,degrees N and E,amee/defra 2008,
Porto Alegre [POA],Brazil,POA,Salgado Filho,-29.99,-51.17,degrees N and E,amee/defra 2008,
Recife [REC],Brazil,REC,Guararapes,-8.13,-34.92,degrees N and E,amee/defra 2008,
Rio de Janeiro [GIG],Brazil,GIG,Galeao Antonio Carlos Jobim,-22.81,-43.24,degrees N and E,amee/defra 2008,
Salvador [SSA],Brazil,SSA,Deputado Luis Eduardo Magalhaes,-12.91,-38.33,degrees N and E,amee/defra 2008,
Sao Paulo [GRU],Brazil,GRU,Guarulhos,-23.43,-46.47,degrees N and E,amee/defra 2008,
Bandar Seri Begawan [BWN],Brunei,BWN,Brunei International,4.95,114.93,degrees N and E,amee/defra 2008,
Sofia [SOF],Bulgaria,SOF,Sofia,42.7,23.41,degrees N and E,amee/defra 2008,
Ouagadougou [OUA],Burkina Faso,OUA,Ouagadougou,12.35,-1.51,degrees N and E,amee/defra 2008,
Bujumbura [BJM],Burundi,BJM,Bujumbura International,-3.32,29.32,degrees N and E,amee/defra 2008,
Phnom Penh [PNH],Cambodia,PNH,Pochentong International,11.55,104.84,degrees N and E,amee/defra 2008,
Douala [DLA],Cameroon,DLA,Douala,4.01,9.72,degrees N and E,amee/defra 2008,
Yaounde [YAO],Cameroon,YAO,Yaounde,3.84,11.52,degrees N and E,amee/defra 2008,
Calgary [YYC],Canada,YYC,Calgary International,51.11,-114.02,degrees N and E,amee/defra 2008,
Montreal [YHU],Canada,YHU,St Hubert,45.52,-73.42,degrees N and E,amee/defra 2008,
Ottawa [YOW],Canada,YOW,Ottawa Macdonald Cartier International,45.32,-75.67,degrees N and E,amee/defra 2008,
Toronto [YKZ],Canada,YKZ,Buttonville Muni,43.86,-79.37,degrees N and E,amee/defra 2008,
Vancouver [YVR],Canada,YVR,Vancouver International,49.2,-123.18,degrees N and E,amee/defra 2008,
Praia [RAI],Cape Verde Islands,RAI,Francisco Mendes,14.92,-23.49,degrees N and E,amee/defra 2008,
Bangui [BGF],Central African Republic,BGF,Bangui M Poko,4.4,18.52,degrees N and E,amee/defra 2008,
N'Djamena [NDJ],Chad,NDJ,Ndjamena,12.13,15.03,degrees N and E,amee/defra 2008,
Santiago [SCL],Chile,SCL,Arturo Merino Benitez International,-33.39,-70.79,degrees N and E,amee/defra 2008,
Beijing [PEK],China,PEK,Capital,40.08,116.58,degrees N and E,amee/defra 2008,
Chengdu [CTU],China,CTU,Shuangliu,30.58,103.95,degrees N and E,amee/defra 2008,
Chongqing [CKG],China,CKG,Jiangbei,29.72,106.64,degrees N and E,amee/defra 2008,
Guangzhou [CAN],China,CAN,Baiyun,23.18,113.27,degrees N and E,amee/defra 2008,
Guilin [KWL],China,KWL,Liangjiang,25.22,110.04,degrees N and E,amee/defra 2008,
Lhasa [LXA],China,LXA,Lhasa Airport,29.3,90.91,degrees N and E,amee/defra 2008,
Kunming [KMG],China,KMG,Wujiaba,24.99,102.74,degrees N and E,amee/defra 2008,
Macau [MFM],China,MFM,Macau International,22.15,113.59,degrees N and E,amee/defra 2008,
Nanjing [NKG],China,NKG,Lu Kou Airport,31.74,118.86,degrees N and E,amee/defra 2008,
Shanghai [SHA],China,SHA,Hongqiao International,31.2,121.34,degrees N and E,amee/defra 2008,
Tianjin [TSN],China,TSN,Binhai,39.12,117.35,degrees N and E,amee/defra 2008,
Taipei [TPE],China,TPE,Taiwan Taoyuan International Airport,25.08,121.23,degrees N and E,amee/defra 2008,
Wuhan [WUH],China,WUH,Tianhe,30.78,114.21,degrees N and E,amee/defra 2008,
Xi'an [XIY],China,XIY,Xianyang,34.45,108.75,degrees N and E,amee/defra 2008,
Hong Kong [HKG],China,HKG,Hong Kong International,22.31,113.91,degrees N and E,amee/defra 2008,
Bogota [BOG],Colombia,BOG,Eldorado International,4.7,-74.15,degrees N and E,amee/defra 2008,
Medellin [EOH],Colombia,EOH,Olaya Herrera,6.22,-75.59,degrees N and E,amee/defra 2008,
Moroni [HAH],Comoros Islands,HAH,Moroni Hahaia,-11.53,43.27,degrees N and E,amee/defra 2008,
Kinshasa [FIH],Congo Democratic Republic of the,FIH,Kinshasa Ndjili International,-4.39,15.44,degrees N and E,amee/defra 2008,
Brazzaville [BZV],Congo Republic of the,BZV,Brazzaville Maya Maya,-4.25,15.25,degrees N and E,amee/defra 2008,
San Jose [SJO],Costa Rica,SJO,Juan Santamaria International,9.99,-84.21,degrees N and E,amee/defra 2008,
Zagreb [ZAG],Croatia,ZAG,Zagreb,45.74,16.07,degrees N and E,amee/defra 2008,
Split [SPU],Croatia,SPU,Split,43.54,16.3,degrees N and E,amee/defra 2008,
Havana [HAV],Cuba,HAV,Jose Marti International,22.99,-82.41,degrees N and E,amee/defra 2008,
Larnaca [LCA],Cyprus,LCA,Larnaca,34.88,33.62,degrees N and E,amee/defra 2008,
Paphos [PFO],Cyprus,PFO,Paphos International,34.72,32.49,degrees N and E,amee/defra 2008,
Prague [PRG],Czech Republic,PRG,Ruzyne,50.1,14.26,degrees N and E,amee/defra 2008,
Brno [BRQ],Czech Republic,BRQ,Turany,49.15,16.69,degrees N and E,amee/defra 2008,
Aarhus [AAR],Denmark,AAR,Aarhus,56.3,10.62,degrees N and E,amee/defra 2008,
Copenhagen [CPH],Denmark,CPH,Kastrup,55.62,12.66,degrees N and E,amee/defra 2008,
Djibouti [JIB],Djibouti,JIB,Djibouti,11.55,43.16,degrees N and E,amee/defra 2008,
Roseau [DOM],Dominica,DOM,Melville Hall,15.55,-61.3,degrees N and E,amee/defra 2008,
Barahona [BRX],Dominican Republic,BRX,Maria Montez International,18.25,-71.12,degrees N and E,amee/defra 2008,
Santiago [STI],Dominican Republic,STI,Cibao International,19.41,-70.62,degrees N and E,amee/defra 2008,
Puerto Plata [POP],Dominican Republic,POP,Gregorio Luperon International,19.76,-70.57,degrees N and E,amee/defra 2008,
Santo Domingo [HEX],Dominican Republic,HEX,Herrera International,18.47,-69.97,degrees N and E,amee/defra 2008,
Dili [DIL],East Timor,DIL,Presidente Nicolau Lobato International Airport,-8.55,125.52,degrees N and E,amee/defra 2008,
Guayaquil [GYE],Ecuador,GYE,Simon Bolivar International,-2.16,-79.88,degrees N and E,amee/defra 2008,
Quito [UIO],Ecuador,UIO,Mariscal Sucre International,-0.14,-78.49,degrees N and E,amee/defra 2008,
Alexandria [ALY],Egypt,ALY,Alexandria International,31.18,29.95,degrees N and E,amee/defra 2008,
Cairo [CAI],Egypt,CAI,Cairo International,30.12,31.41,degrees N and E,amee/defra 2008,
Luxor [LXR],Egypt,LXR,Luxor International,25.67,32.71,degrees N and E,amee/defra 2008,
Sharm El-Sheikh [SSH],Egypt,SSH,Sharm El-Sheikh International Airport,27.98,34.39,degrees N and E,amee/defra 2008,
San Salvador [SAL],El Salvador,SAL,El Salvador International,13.44,-89.06,degrees N and E,amee/defra 2008,
Malabo [SSG],Equatorial Guinea,SSG,Malabo,3.76,8.71,degrees N and E,amee/defra 2008,
Asmara [ASM],Eritrea,ASM,Asmara International Airport,15.29,38.91,degrees N and E,amee/defra 2008,
Tallinn [TLL],Estonia,TLL,Tallinn,59.41,24.83,degrees N and E,amee/defra 2008,
Addis Ababa [ADD],Ethiopia,ADD,Bole International,8.98,38.8,degrees N and E,amee/defra 2008,
Suva [SUV],Fiji,SUV,Nausori International,-18.04,178.56,degrees N and E,amee/defra 2008,
Helsinki [HEM],Finland,HEM,Helsinki Malmi,60.25,25.04,degrees N and E,amee/defra 2008,
Marseille [MRS],France,MRS,Provence,43.44,5.21,degrees N and E,amee/defra 2008,
Nice [NCE],France,NCE,Cote D Azur,43.66,7.22,degrees N and E,amee/defra 2008,
Paris [LBG],France,LBG,Le Bourget,48.97,2.44,degrees N and E,amee/defra 2008,
Ajaccio [AJA],France,AJA,Campo Dell Oro,41.92,8.8,degrees N and E,amee/defra 2008,
Biarritz [BIQ],France,BIQ,Anglet,43.47,-1.52,degrees N and E,amee/defra 2008,
Brest [BES],France,BES,Guipavas,48.45,-4.42,degrees N and E,amee/defra 2008,
Lille [LIL],France,LIL,Lesquin,50.56,3.09,degrees N and E,amee/defra 2008,
Nantes [NTE],France,NTE,Nantes Atlantique,47.15,-1.61,degrees N and E,amee/defra 2008,
Lyon [LYS],France,LYS,Saint Exupery,45.73,5.09,degrees N and E,amee/defra 2008,
Toulouse [TLS],France,TLS,Blagnac,43.63,1.36,degrees N and E,amee/defra 2008,
Libreville [LBV],Gabon,LBV,Libreville Leon M Ba,0.46,9.41,degrees N and E,amee/defra 2008,
Tbilisi [TBS],Georgia,TBS,Lochini,41.67,44.95,degrees N and E,amee/defra 2008,
Berlin [SXF],Germany,SXF,Schonefeld,52.38,13.52,degrees N and E,amee/defra 2008,
Cologne [CGN],Germany,CGN,Koln Bonn,50.87,7.14,degrees N and E,amee/defra 2008,
Frankfurt [FRA],Germany,FRA,Frankfurt Main,50.03,8.54,degrees N and E,amee/defra 2008,
Hamburg [HAM],Germany,HAM,Hamburg,53.63,9.99,degrees N and E,amee/defra 2008,
Munich [MUC],Germany,MUC,Munich,48.35,11.79,degrees N and E,amee/defra 2008,
Accra [ACC],Ghana,ACC,Kotoka International,5.6,-0.17,degrees N and E,amee/defra 2008,
Athens [HEW],Greece,HEW,Athinai,37.89,23.73,degrees N and E,amee/defra 2008,
Corfu [CFU],Greece,CFU,Ioannis Kapodistrias International,39.6,19.91,degrees N and E,amee/defra 2008,
Crete [HER],Greece,HER,Nikos Kazantzakis,35.34,25.18,degrees N and E,amee/defra 2008,
Kefalonia [EFL],Greece,EFL,Kefallinia,38.12,20.5,degrees N and E,amee/defra 2008,
Kos [KGS],Greece,KGS,Kos,36.79,27.09,degrees N and E,amee/defra 2008,
Mykonos [JMK],Greece,JMK,Mikonos,37.44,25.35,degrees N and E,amee/defra 2008,
Rhodes [RHO],Greece,RHO,Diagoras,36.41,28.09,degrees N and E,amee/defra 2008,
Saint George's [GND],Grenada,GND,Point Salines International,12,-61.79,degrees N and E,amee/defra 2008,
Hagatna [GUM],Guam,GUM,Guam International,13.48,144.8,degrees N and E,amee/defra 2008,
Guatemala City [GUA],Guatemala,GUA,La Aurora,14.58,-90.53,degrees N and E,amee/defra 2008,
Conakry [CKY],Guinea,CKY,Conakry International Airport,9.58,-13.61,degrees N and E,amee/defra 2008,
Bissau [BXO],Guinea-Bissau,BXO,Bissau Oswaldo Vieira International,11.89,-15.65,degrees N and E,amee/defra 2008,
Georgetown [GEO],Guyana,GEO,Cheddi Jagan International Airport,6.5,-58.25,degrees N and E,amee/defra 2008,
Port-au-Prince [PAP],Haiti,PAP,Port Au Prince International,18.58,-72.29,degrees N and E,amee/defra 2008,
Tegucigalpa [TGU],Honduras,TGU,Toncontin International,14.06,-87.22,degrees N and E,amee/defra 2008,
Budapest [BUD],Hungary,BUD,Ferihegy,47.44,19.26,degrees N and E,amee/defra 2008,
Reykjavik [RKV],Iceland,RKV,Reykjavik,64.13,-21.94,degrees N and E,amee/defra 2008,
Ahmedabad [AMD],India,AMD,Ahmedabad,23.07,72.63,degrees N and E,amee/defra 2008,
Bangalore [BLR],India,BLR,Bangalore,12.95,77.67,degrees N and E,amee/defra 2008,
Chennai [MAA],India,MAA,Chennai International,12.99,80.18,degrees N and E,amee/defra 2008,
Cochin [COK],India,COK,Cochin International Airport,10.15,76.4,degrees N and E,amee/defra 2008,
Delhi [DEL],India,DEL,Indira Gandhi International,28.57,77.1,degrees N and E,amee/defra 2008,
Hyderabad [HYD],India,HYD,Hyderabad,17.45,78.46,degrees N and E,amee/defra 2008,
Jaipur [JAI],India,JAI,Jaipur,26.82,75.81,degrees N and E,amee/defra 2008,
Kanpur [KNU],India,KNU,Kanpur,26.44,80.36,degrees N and E,amee/defra 2008,
Kolkata [CCU],India,CCU,Netaji Subhash Chandra Bose International,22.65,88.45,degrees N and E,amee/defra 2008,
Lucknow [LKO],India,LKO,Lucknow,26.76,80.89,degrees N and E,amee/defra 2008,
Mumbai [BOM],India,BOM,Chhatrapati Shivaji International,19.09,72.87,degrees N and E,amee/defra 2008,
Nagpur [NAG],India,NAG,Nagpur,21.09,79.05,degrees N and E,amee/defra 2008,
Pune [PNQ],India,PNQ,Pune,18.58,73.92,degrees N and E,amee/defra 2008,
Surat [STV],India,STV,Surat,21.12,72.74,degrees N and E,amee/defra 2008,
Vadodara [BDQ],India,BDQ,Vadodara,22.34,73.23,degrees N and E,amee/defra 2008,
Bandung [BDO],Indonesia,BDO,Husein Sastranegara,-6.9,107.58,degrees N and E,amee/defra 2008,
Bali [DPS],Indonesia,DPS,Bali International,-8.75,115.17,degrees N and E,amee/defra 2008,
Jakarta [CGK],Indonesia,CGK,Soekarno Hatta International,-6.13,106.66,degrees N and E,amee/defra 2008,
Teheran [THR],Iran,THR,Mehrabad International,35.69,51.31,degrees N and E,amee/defra 2008,
Baghdad [SDA],Iraq,SDA,Saddam International,33.26,44.23,degrees N and E,amee/defra 2008,
Dublin [DUB],Ireland,DUB,Dublin,53.42,-6.27,degrees N and E,amee/defra 2008,
Cork [ORK],Ireland,ORK,Cork,51.84,-8.49,degrees N and E,amee/defra 2008,
Shannon [SNN],Ireland,SNN,Shannon,52.7,-8.92,degrees N and E,amee/defra 2008,
Jerusalem [JRS],Israel,JRS,Jerusalem/Atarot,31.87,35.22,degrees N and E,amee/defra 2008,
Eilat [ETH],Israel,ETH,Eilat,29.56,34.96,degrees N and E,amee/defra 2008,
Tel Aviv [TLV],Israel,TLV,Ben Gurion,32.01,34.88,degrees N and E,amee/defra 2008,
Florence [FLR],Italy,FLR,Peretola,43.81,11.21,degrees N and E,amee/defra 2008,
Genova [GOA],Italy,GOA,Genova Sestri,44.41,8.84,degrees N and E,amee/defra 2008,
Milan [LIN],Italy,LIN,Linate,45.45,9.28,degrees N and E,amee/defra 2008,
Naples [NAP],Italy,NAP,Capodichino,40.89,14.29,degrees N and E,amee/defra 2008,
Rome [CIA],Italy,CIA,Ciampino,41.8,12.59,degrees N and E,amee/defra 2008,
Sardinia (Alghero) [AHO],Italy,AHO,Alghero,40.63,8.29,degrees N and E,amee/defra 2008,
Sardinia (Cagliari) [CAG],Italy,CAG,Elmas,39.25,9.05,degrees N and E,amee/defra 2008,
Sardinia (Olbia) [OLB],Italy,OLB,Olbia Costa Smeralda,40.9,9.52,degrees N and E,amee/defra 2008,
Sicily (Catania) [CTA],Italy,CTA,Catania Fontanarossa,37.47,15.07,degrees N and E,amee/defra 2008,
Sicily (Palermo) [PMO],Italy,PMO,Palermo,38.18,13.09,degrees N and E,amee/defra 2008,
Sicily (Trapani) [TPS],Italy,TPS,Trapani Birgi,37.91,12.49,degrees N and E,amee/defra 2008,
Trieste [TRS],Italy,TRS,Ronchi Dei Legionari,45.83,13.47,degrees N and E,amee/defra 2008,
Turin [TRN],Italy,TRN,Torino,45.2,7.65,degrees N and E,amee/defra 2008,
Venice [VCE],Italy,VCE,Venezia Tessera,45.51,12.35,degrees N and E,amee/defra 2008,
Verona [VRN],Italy,VRN,Verona-Villafranca Airport,45.4,10.89,degrees N and E,amee/defra 2008,
Abidjan [ABJ],Ivory Coast,ABJ,Abidjan Felix Houphouet Boigny International,5.26,-3.93,degrees N and E,amee/defra 2008,
Yamoussoukro [ASK],Ivory Coast,ASK,Yamoussoukro,6.9,-5.37,degrees N and E,amee/defra 2008,
Kingston [KIN],Jamaica,KIN,Norman Manley International,17.94,-76.79,degrees N and E,amee/defra 2008,
Kobe [UKB],Japan,UKB,Kobe International,34.68,135.2,degrees N and E,amee/defra 2008,
Nagoya [NGO],Japan,NGO,Nagoya,35.26,136.92,degrees N and E,amee/defra 2008,
Osaka [ITM],Japan,ITM,Osaka International,34.79,135.44,degrees N and E,amee/defra 2008,
Tokyo [NRT],Japan,NRT,New Tokyo International,35.76,140.39,degrees N and E,amee/defra 2008,
Amman [AMM],Jordan,AMM,Queen Alia International,31.72,35.99,degrees N and E,amee/defra 2008,
Almaty [ALA],Kazakhstan,ALA,Almaty,43.35,77.04,degrees N and E,amee/defra 2008,
Astana [TSE],Kazakhstan,TSE,Astana,51.02,71.47,degrees N and E,amee/defra 2008,
Nairobi [NBO],Kenya,NBO,Nairobi,-1.32,36.93,degrees N and E,amee/defra 2008,
Tarawa Atoll [TRW],Kiribati,TRW,Bonriki International,1.38,173.15,degrees N and E,amee/defra 2008,
Kuwait City [KWI],Kuwait,KWI,Kuwait International,29.23,47.98,degrees N and E,amee/defra 2008,
Bishkek [FRU],Kyrgyzstan,FRU,Manas,43.06,74.48,degrees N and E,amee/defra 2008,
Vientiane [VTE],Laos,VTE,Wattay International,17.99,102.56,degrees N and E,amee/defra 2008,
Riga [RIX],Latvia,RIX,Riga,56.92,23.97,degrees N and E,amee/defra 2008,
Beirut [BEY],Lebanon,BEY,Beirut International,33.81,35.49,degrees N and E,amee/defra 2008,
Maseru [MSU],Lesotho,MSU,Moshoeshoe I International,-29.46,27.55,degrees N and E,amee/defra 2008,
Monrovia [MLW],Liberia,MLW,Monrovia Spriggs Payne,6.29,-10.76,degrees N and E,amee/defra 2008,
Tripoli [TIP],Libya,TIP,Tripoli International,32.66,13.16,degrees N and E,amee/defra 2008,
Vilnius [VNO],Lithuania,VNO,Vilnius,58.63,25.29,degrees N and E,amee/defra 2008,
Luxembourg [LUX],Luxembourg,LUX,Findel International Airport,49.63,6.21,degrees N and E,amee/defra 2008,
Skopje [SKP],Macedonia,SKP,Skopje,41.96,21.62,degrees N and E,amee/defra 2008,
Antananarivo [TNR],Madagascar,TNR,Antananarivo Ivato,-18.8,47.48,degrees N and E,amee/defra 2008,
Blantyre [BLZ],Malawi,BLZ,Chileka International,-15.68,34.97,degrees N and E,amee/defra 2008,
Lilongwe [LLW],Malawi,LLW,Lilongwe International Airport,-13.79,33.78,degrees N and E,amee/defra 2008,
Kuala Lumpur [KUL],Malaysia,KUL,Kuala Lumpur International,2.75,101.71,degrees N and E,amee/defra 2008,
Penang [PEN],Malaysia,PEN,Penang International,5.3,100.28,degrees N and E,amee/defra 2008,
Male [MLE],Maldives,MLE,Male International,4.19,73.53,degrees N and E,amee/defra 2008,
Bamako [BKO],Mali,BKO,Bamako Senou,12.53,-7.95,degrees N and E,amee/defra 2008,
Valletta [MLA],Malta,MLA,Malta International Airport,35.86,14.48,degrees N and E,amee/defra 2008,
Majuro [MAJ],Marshall Islands,MAJ,Marshall Islands International,7.06,171.27,degrees N and E,amee/defra 2008,
Nouakchott [NKC],Mauritania,NKC,Nouakchott,18.1,-15.95,degrees N and E,amee/defra 2008,
Plaisance [MRU],Mauritius,MRU,Sir Seewoosagur Ramgoolam International,-20.43,57.68,degrees N and E,amee/defra 2008,
Port Louis [MRU],Mauritius,MRU,Sir Seewoosagur Ramgoolam International,-20.43,57.68,degrees N and E,amee/defra 2008,
Acapulco [ACA],Mexico,ACA,General Juan N Alvarez International,16.76,-99.75,degrees N and E,amee/defra 2008,
Cancun [CUN],Mexico,CUN,Cancun International,21.04,-86.88,degrees N and E,amee/defra 2008,
Cozumel [CZM],Mexico,CZM,Cozumel International,20.52,-86.93,degrees N and E,amee/defra 2008,
Guadalajara [GDL],Mexico,GDL,Don Miguel Y Hidalgo International,20.52,-103.31,degrees N and E,amee/defra 2008,
La Paz [LAP],Mexico,LAP,General Manuel Marquez De Leon International,24.07,-110.36,degrees N and E,amee/defra 2008,
Merida [MID],Mexico,MID,Licenciado Manuel Crecencio Rejon International,20.94,-89.66,degrees N and E,amee/defra 2008,
Mexico City [MEX],Mexico,MEX,Licenciado Benito Juarez International,19.44,-99.07,degrees N and E,amee/defra 2008,
Monterrey [NTR],Mexico,NTR,Del Norte International,25.87,-100.24,degrees N and E,amee/defra 2008,
Palikir [PNI],Micronesia,PNI,Pohnpei International,6.99,158.21,degrees N and E,amee/defra 2008,
Pohnpei [PNI],Micronesia,PNI,Pohnpei International,6.99,158.21,degrees N and E,amee/defra 2008,
Weno [TKK],Micronesia,TKK,Chuuk International,7.46,151.84,degrees N and E,amee/defra 2008,
Chisinau [KIV],Moldova,KIV,Chisinau,46.93,28.93,degrees N and E,amee/defra 2008,
Monaco [NCE],Monaco,NCE,Cote D Azur,43.66,7.22,degrees N and E,amee/defra 2008,
Monte Carlo [NCE],Monaco,NCE,Cote D Azur,43.66,7.22,degrees N and E,amee/defra 2008,
Ulaanbaatar [ULN],Mongolia,ULN,Buyant Ukhaa,47.84,106.77,degrees N and E,amee/defra 2008,
Podgorica [TGD],Montenegro,TGD,Podgorica,42.36,19.25,degrees N and E,amee/defra 2008,
Casablanca [CAS],Morocco,CAS,Anfa,33.55,-7.66,degrees N and E,amee/defra 2008,
Rabat [RBA],Morocco,RBA,Sale,34.05,-6.75,degrees N and E,amee/defra 2008,
Marrakesh [RAK],Morocco,RAK,Menara,31.61,-8.04,degrees N and E,amee/defra 2008,
Tanger [TNG],Morocco,TNG,Ibn Batouta,35.73,-5.92,degrees N and E,amee/defra 2008,
Maputo [MPM],Mozambique,MPM,Maputo,-25.92,32.57,degrees N and E,amee/defra 2008,
Naypyidaw [None],Myanmar (Burma),None,Naypyidaw Airport,19.62,96.2,degrees N and E,amee/defra 2008,
Rangoon [RGN],Myanmar (Burma),RGN,Yangon International,16.91,96.13,degrees N and E,amee/defra 2008,
Windhoek [WDH],Namibia,WDH,Windhoek Hosea Kutako International Airport,-22.49,17.46,degrees N and E,amee/defra 2008,
Nauru Island [INU],Nauru,INU,Nauru International Airport,-0.55,166.92,degrees N and E,amee/defra 2008,
Kathmandu [KTM],Nepal,KTM,Tribhuvan International,27.7,85.36,degrees N and E,amee/defra 2008,
Amsterdam [AMS],Netherlands,AMS,Schiphol,52.31,4.76,degrees N and E,amee/defra 2008,
Rotterdam [RTM],Netherlands,RTM,Rotterdam,51.96,4.44,degrees N and E,amee/defra 2008,
Maastricht [MST],Netherlands,MST,Maastricht,50.91,5.77,degrees N and E,amee/defra 2008,
Auckland [AKL],New Zealand,AKL,Auckland International,-37.01,174.79,degrees N and E,amee/defra 2008,
Christchurch [CHC],New Zealand,CHC,Christchurch International,-43.49,172.53,degrees N and E,amee/defra 2008,
Wellington [WLG],New Zealand,WLG,Wellington International,-41.33,174.81,degrees N and E,amee/defra 2008,
Managua [MGA],Nicaragua,MGA,Managua International,12.14,-86.17,degrees N and E,amee/defra 2008,
Niamey [NIM],Niger,NIM,Diori Hamani,13.48,2.18,degrees N and E,amee/defra 2008,
Abuja [ABV],Nigeria,ABV,Abuja Nnamdi Azikiwe International,9.01,7.26,degrees N and E,amee/defra 2008,
Ibadan [IBA],Nigeria,IBA,Ibadan,7.36,3.98,degrees N and E,amee/defra 2008,
Ilorin [ILR],Nigeria,ILR,Ilorin,8.44,4.49,degrees N and E,amee/defra 2008,
Kano [KAN],Nigeria,KAN,Kano Mallam Aminu International,12.05,8.52,degrees N and E,amee/defra 2008,
Lagos [LOS],Nigeria,LOS,Lagos Murtala Muhammed,6.58,3.32,degrees N and E,amee/defra 2008,
Port Harcourt [PHC],Nigeria,PHC,Port Harcourt International,5.02,6.95,degrees N and E,amee/defra 2008,
Burnt Pine [NLK],Norfolk Island,NLK,Norfolk Island International,-29.04,167.94,degrees N and E,amee/defra 2008,
Pyongyang [FNJ],North Korea,FNJ,Pyongyang / Sunan (Capital) Airport,39.03,125.78,degrees N and E,amee/defra 2008,
Bergen [BGO],Norway,BGO,Bergen Flesland,60.29,5.22,degrees N and E,amee/defra 2008,
Oslo [FBU],Norway,FBU,Oslo Fornebu,59.9,10.62,degrees N and E,amee/defra 2008,
Muscat [MCT],Oman,MCT,Seeb International,23.59,58.28,degrees N and E,amee/defra 2008,
Faisalabad [LYP],Pakistan,LYP,Faisalabad International,31.37,73,degrees N and E,amee/defra 2008,
Gujranwala [SKT],Pakistan,SKT,Sialkot International Airport,32.54,74.36,degrees N and E,amee/defra 2008,
Islamabad [ISB],Pakistan,ISB,Chaklala,33.62,73.1,degrees N and E,amee/defra 2008,
Karachi [KHI],Pakistan,KHI,Jinnah International,24.91,67.16,degrees N and E,amee/defra 2008,
Lahore [LHE],Pakistan,LHE,Allama Iqbal International,31.52,74.4,degrees N and E,amee/defra 2008,
Multan [MUX],Pakistan,MUX,Multan International,30.2,71.42,degrees N and E,amee/defra 2008,
Peshawar [PEW],Pakistan,PEW,Peshawar,33.99,71.51,degrees N and E,amee/defra 2008,
Quetta [UET],Pakistan,UET,Quetta,30.25,66.94,degrees N and E,amee/defra 2008,
Melekeok [ROR],Palau,ROR,Babelthuap,7.37,134.54,degrees N and E,amee/defra 2008,
Panama City [PTY],Panama,PTY,Tocumen International,9.07,-79.38,degrees N and E,amee/defra 2008,
Port Moresby [POM],Papua New Guinea,POM,Port Moresby Jacksons International,-9.44,147.22,degrees N and E,amee/defra 2008,
Asuncion [ASU],Paraguay,ASU,Silvio Pettirossi International,-25.24,-57.52,degrees N and E,amee/defra 2008,
Lima [LIM],Peru,LIM,Jorge Chavez International,-12.02,-77.11,degrees N and E,amee/defra 2008,
Manila [MNL],Philippines,MNL,Ninoy Aquino International,14.51,121.02,degrees N and E,amee/defra 2008,
Warsaw [WAW],Poland,WAW,Okecie,52.17,20.97,degrees N and E,amee/defra 2008,
Gdansk [GDN],Poland,GDN,Rebiechowo,54.38,18.47,degrees N and E,amee/defra 2008,
Szczechin [SZZ],Poland,SZZ,Goleniow,53.58,14.9,degrees N and E,amee/defra 2008,
Wroclaw [WRO],Poland,WRO,Strachowice,51.1,16.89,degrees N and E,amee/defra 2008,
Krakow [KRK],Poland,KRK,Balice Jp Ii International Airport,50.08,19.78,degrees N and E,amee/defra 2008,
Lisbon [LIS],Portugal,LIS,Lisboa,38.78,-9.14,degrees N and E,amee/defra 2008,
Funchal (Madeira) [FNC],Portugal,FNC,Santa Catarina Airport,32.7,-16.77,degrees N and E,amee/defra 2008,
Porto [OPO],Portugal,OPO,Porto,41.25,-8.68,degrees N and E,amee/defra 2008,
Doha [DOH],Qatar,DOH,Doha International,25.26,51.57,degrees N and E,amee/defra 2008,
Bucharest [BBU],Romania,BBU,Baneasa,44.5,26.1,degrees N and E,amee/defra 2008,
Krasnodar [KRR],Russia,KRR,Pashkovsky,45.04,39.17,degrees N and E,amee/defra 2008,
Moscow [SVO],Russia,SVO,Sheremetyevo,55.97,37.42,degrees N and E,amee/defra 2008,
Saint Petersburg [LED],Russia,LED,Pulkovo,59.8,30.27,degrees N and E,amee/defra 2008,
Samara [KBY],Russia,KBY,Kurumoch,53.51,50.16,degrees N and E,amee/defra 2008,
Kigali [KGL],Rwanda,KGL,Kigali International,-1.97,30.14,degrees N and E,amee/defra 2008,
Basse Terre [SKB],Saint Kitts and Nevis,SKB,Robert L Bradshaw,17.31,-62.72,degrees N and E,amee/defra 2008,
Castries [SLU],Saint Lucia,SLU,George F L Charles,14.02,-60.99,degrees N and E,amee/defra 2008,
Kingstown [SVD],Saint Vincent and the Grenadines,SVD,E T Joshua,13.14,-61.21,degrees N and E,amee/defra 2008,
Apia [APW],Samoa,APW,Faleolo International Airport,-13.83,-172.01,degrees N and E,amee/defra 2008,
Sao Tome [TMS],Sao Tome and Principe,TMS,Sao Tome International,0.38,6.71,degrees N and E,amee/defra 2008,
Riyadh [RUH],Saudi Arabia,RUH,King Khaled International,24.96,46.7,degrees N and E,amee/defra 2008,
Jeddah [JED],Saudi Arabia,JED,King Abdulaziz International,21.68,39.16,degrees N and E,amee/defra 2008,
Dakar [DKR],Senegal,DKR,Leopold Sedar Senghor International,14.74,-17.49,degrees N and E,amee/defra 2008,
Belgrade [BEG],Serbia,BEG,Beograd,44.82,20.31,degrees N and E,amee/defra 2008,
Victoria [SEZ],Seychelles,SEZ,Seychelles International,-4.67,55.52,degrees N and E,amee/defra 2008,
Freetown [FNA],Sierra Leone,FNA,Freetown Lungi,8.62,-13.2,degrees N and E,amee/defra 2008,
Singapore [XSP],Singapore,XSP,Seletar,1.42,103.87,degrees N and E,amee/defra 2008,
Bratislava [BTS],Slovakia,BTS,M R Stefanik,48.17,17.21,degrees N and E,amee/defra 2008,
Ljubljana [LJU],Slovenia,LJU,Ljubljana,46.22,14.46,degrees N and E,amee/defra 2008,
Honiara [HIR],Solomon Islands,HIR,Honiara,-9.43,160.05,degrees N and E,amee/defra 2008,
Mogadishu [MGQ],Somalia,MGQ,Mogadishu,2.01,45.3,degrees N and E,amee/defra 2008,
Bloemfontein [BFN],South Africa,BFN,Bloemfontein,-29.09,26.3,degrees N and E,amee/defra 2008,
Cape Town [CPT],South Africa,CPT,Cape Town International,-33.96,18.6,degrees N and E,amee/defra 2008,
Johannesburg [GCJ],South Africa,GCJ,Grand Central,-25.99,28.14,degrees N and E,amee/defra 2008,
Pretoria [PRY],South Africa,PRY,Wonderboom,-25.65,28.22,degrees N and E,amee/defra 2008,
Busan [PUS],South Korea,PUS,Gimhae International,35.18,128.94,degrees N and E,amee/defra 2008,
Seoul [ICN],South Korea,ICN,Incheon International Airport,37.46,126.44,degrees N and E,amee/defra 2008,
Alicante [ALC],Spain,ALC,Alicante,38.28,-0.56,degrees N and E,amee/defra 2008,
Almeria [LEI],Spain,LEI,Almeria,36.84,-2.37,degrees N and E,amee/defra 2008,
Asturias [OVD],Spain,OVD,Asturias,43.56,-6.03,degrees N and E,amee/defra 2008,
Barcelona [BCN],Spain,BCN,Barcelona,41.3,2.08,degrees N and E,amee/defra 2008,
Fuerteventura [FUE],Spain,FUE,Fuerteventura,28.45,-13.86,degrees N and E,amee/defra 2008,
Gran Canaria [LPA],Spain,LPA,Gran Canaria,27.93,-15.39,degrees N and E,amee/defra 2008,
Lanzarote [ACE],Spain,ACE,Lanzarote,28.95,-13.61,degrees N and E,amee/defra 2008,
Tenerife [TFS],Spain,TFS,Tenerife Sur,28.04,-16.57,degrees N and E,amee/defra 2008,
Ibiza [IBZ],Spain,IBZ,Ibiza,38.87,1.37,degrees N and E,amee/defra 2008,
Madrid [MAD],Spain,MAD,Barajas,40.47,-3.56,degrees N and E,amee/defra 2008,
Malaga [AGP],Spain,AGP,Malaga,36.67,-4.5,degrees N and E,amee/defra 2008,
Mallorca [PMI],Spain,PMI,Palma De Mallorca,39.55,2.73,degrees N and E,amee/defra 2008,
Menorca [MAH],Spain,MAH,Menorca,39.86,4.22,degrees N and E,amee/defra 2008,
Santander [SDR],Spain,SDR,Santander,43.43,-3.82,degrees N and E,amee/defra 2008,
Seville [SVQ],Spain,SVQ,Sevilla,37.42,-5.89,degrees N and E,amee/defra 2008,
Valencia [VLC],Spain,VLC,Valencia,39.49,-0.48,degrees N and E,amee/defra 2008,
Colombo [CMB],Sri Lanka,CMB,Bandaranaike International,7.18,79.88,degrees N and E,amee/defra 2008,
Khartoum [KRT],Sudan,KRT,Khartoum,15.59,32.55,degrees N and E,amee/defra 2008,
Omdurman [KRT],Sudan,KRT,Khartoum,15.59,32.55,degrees N and E,amee/defra 2008,
Paramaribo [ORG],Suriname,ORG,Zorg En Hoop,5.81,-55.19,degrees N and E,amee/defra 2008,
Manzini [MTS],Swaziland,MTS,Matsapha,-26.53,31.31,degrees N and E,amee/defra 2008,
Mbabane [MTS],Swaziland,MTS,Matsapha,-26.53,31.31,degrees N and E,amee/defra 2008,
Gothenburg [GOT],Sweden,GOT,Landvetter,57.66,12.28,degrees N and E,amee/defra 2008,
Stockholm [NYO],Sweden,NYO,Skavsta,58.79,16.91,degrees N and E,amee/defra 2008,
Basel [BSL],Switzerland,BSL,Euroairport Basel-Mulhouse-Freiburg,47.59,7.53,degrees N and E,amee/defra 2008,
Bern [BRN],Switzerland,BRN,Bern Belp,46.91,7.5,degrees N and E,amee/defra 2008,
Geneva [GVA],Switzerland,GVA,Geneva Cointrin,46.24,6.11,degrees N and E,amee/defra 2008,
Zurich [ZRH],Switzerland,ZRH,Zurich,47.46,8.55,degrees N and E,amee/defra 2008,
Damascus [DAM],Syria,DAM,Damascus International,33.41,36.52,degrees N and E,amee/defra 2008,
Taipei [TPE],Taiwan,TPE,Taiwan Taoyuan International Airport,25.08,121.23,degrees N and E,amee/defra 2008,
Dushanbe [DYU],Tajikistan,DYU,Dushanbe,38.54,68.83,degrees N and E,amee/defra 2008,
Dar es Salaam [DAR],Tanzania,DAR,Dar Es Salaam,-6.88,39.2,degrees N and E,amee/defra 2008,
Dodoma [DOD],Tanzania,DOD,Dodoma,-6.17,35.75,degrees N and E,amee/defra 2008,
Bangkok [BKK],Thailand,BKK,Bangkok International,13.91,100.61,degrees N and E,amee/defra 2008,
Phuket [HKT],Thailand,HKT,Phuket International,8.11,98.32,degrees N and E,amee/defra 2008,
Nassau [NAS],The Bahamas,NAS,Nassau International,25.04,-77.47,degrees N and E,amee/defra 2008,
Banjul [BJL],The Gambia,BJL,Banjul International,13.34,-16.65,degrees N and E,amee/defra 2008,
Lome [LFW],Togo,LFW,Lome Tokoin,6.17,1.25,degrees N and E,amee/defra 2008,
Nuku'alofa [TBU],Tonga,TBU,Fua Amotu International,-21.24,-175.15,degrees N and E,amee/defra 2008,
Port-of-Spain [POS],Trinidad and Tobago,POS,Piarco International Airport,10.6,-61.34,degrees N and E,amee/defra 2008,
Tunis [TUN],Tunisia,TUN,Carthage,36.85,10.23,degrees N and E,amee/defra 2008,
Ankara [ESB],Turkey,ESB,Esenboga,40.13,33,degrees N and E,amee/defra 2008,
Dalaman [DLM],Turkey,DLM,Dalaman,36.71,28.79,degrees N and E,amee/defra 2008,
Istanbul [IST],Turkey,IST,Ataturk,40.98,28.82,degrees N and E,amee/defra 2008,
Ashgabat [ASB],Turkmenistan,ASB,Ashgabat,37.99,58.36,degrees N and E,amee/defra 2008,
Vaiaku village [FUN],Tuvalu,FUN,Funafuti International Airport,-8.52,179.22,degrees N and E,amee/defra 2008,
Kampala [EBB],Uganda,EBB,Entebbe International,0.04,32.44,degrees N and E,amee/defra 2008,
Dnepropetrovsk [DNK],Ukraine,DNK,Dnipropetrovsk,48.36,35.1,degrees N and E,amee/defra 2008,
Kharkov [HRK],Ukraine,HRK,Kharkiv International Airport,49.92,36.29,degrees N and E,amee/defra 2008,
Kiev [KBP],Ukraine,KBP,Boryspil,50.35,30.9,degrees N and E,amee/defra 2008,
Abu Dhabi [AUH],United Arab Emirates,AUH,Abu Dhabi International,24.43,54.65,degrees N and E,amee/defra 2008,
Dubai [DXB],United Arab Emirates,DXB,Dubai International,25.25,55.36,degrees N and E,amee/defra 2008,
Sharjah [SHJ],United Arab Emirates,SHJ,Sharjah International,25.33,55.52,degrees N and E,amee/defra 2008,
Aberdeen [ABZ],United Kingdom,ABZ,Dyce,57.2,-2.2,degrees N and E,amee/defra 2008,
Barra [BRR],United Kingdom,BRR,Barra Eoligarry,57.02,-7.44,degrees N and E,amee/defra 2008,
Belfast [BFS],United Kingdom,BFS,Aldergrove,54.66,-6.22,degrees N and E,amee/defra 2008,
Benbecula [BEB],United Kingdom,BEB,Benbecula,57.48,-7.36,degrees N and E,amee/defra 2008,
Birmingham [BHX],United Kingdom,BHX,Birmingham,52.45,-1.75,degrees N and E,amee/defra 2008,
Bournemouth [BOH],United Kingdom,BOH,Bournemouth,50.78,-1.84,degrees N and E,amee/defra 2008,
Bristol [BRS],United Kingdom,BRS,Bristol,51.38,-2.72,degrees N and E,amee/defra 2008,
Cardiff (Wales) [CWL],United Kingdom,CWL,Cardiff,51.4,-3.34,degrees N and E,amee/defra 2008,
Dundee (Scotland) [DND],United Kingdom,DND,Dundee,56.45,-3.03,degrees N and E,amee/defra 2008,
East Midlands [EMA],United Kingdom,EMA,East Midlands,52.83,-1.33,degrees N and E,amee/defra 2008,
Edinburgh (Scotland) [EDI],United Kingdom,EDI,Edinburgh,55.95,-3.37,degrees N and E,amee/defra 2008,
Exeter [EXT],United Kingdom,EXT,Exeter,50.73,-3.41,degrees N and E,amee/defra 2008,
Gibraltar [GIB],United Kingdom,GIB,Gibraltar,36.15,-5.35,degrees N and E,amee/defra 2008,
Glasgow [GLA],United Kingdom,GLA,Glasgow,55.87,-4.43,degrees N and E,amee/defra 2008,
Guernsey [GCI],United Kingdom,GCI,Guernsey,49.43,-2.6,degrees N and E,amee/defra 2008,
Inverness (Scotland) [INV],United Kingdom,INV,Inverness,57.54,-4.05,degrees N and E,amee/defra 2008,
Islay (Scotland) [ILY],United Kingdom,ILY,Islay,55.68,-6.26,degrees N and E,amee/defra 2008,
Isle of Man [IOM],United Kingdom,IOM,Isle Of Man,54.08,-4.62,degrees N and E,amee/defra 2008,
Isles of Scilly [ISC],United Kingdom,ISC,St. Mary's,49.91,-6.29,degrees N and E,amee/defra 2008,
Jersey [JER],United Kingdom,JER,Jersey,49.21,-2.2,degrees N and E,amee/defra 2008,
Kirkwall (Scotland) [KOI],United Kingdom,KOI,Kirkwall,58.96,-2.91,degrees N and E,amee/defra 2008,
Leeds [LBA],United Kingdom,LBA,Leeds Bradford,53.87,-1.66,degrees N and E,amee/defra 2008,
Lerwick (Scotland) [LWK],United Kingdom,LWK,Lerwick/Tingwall Airport,60.19,-1.24,degrees N and E,amee/defra 2008,
Liverpool [LPL],United Kingdom,LPL,Liverpool,53.33,-2.85,degrees N and E,amee/defra 2008,
London (City) [LCY],United Kingdom,LCY,City,51.51,0.05,degrees N and E,amee/defra 2008,
London (Gatwick) [LGW],United Kingdom,LGW,Gatwick,51.15,-0.19,degrees N and E,amee/defra 2008,
London (Heathrow) [LHR],United Kingdom,LHR,Heathrow,51.48,-0.46,degrees N and E,amee/defra 2008,
London (Luton) [LTN],United Kingdom,LTN,Luton,51.87,-0.37,degrees N and E,amee/defra 2008,
London (Stansted) [STN],United Kingdom,STN,Stansted,51.89,0.24,degrees N and E,amee/defra 2008,
Manchester [MAN],United Kingdom,MAN,Manchester,53.35,-2.27,degrees N and E,amee/defra 2008,
Newcastle [NCL],United Kingdom,NCL,Newcastle,55.04,-1.69,degrees N and E,amee/defra 2008,
Newquay [NQY],United Kingdom,NQY,St Mawgan,50.44,-5,degrees N and E,amee/defra 2008,
Out Skerries (Scotland) [OUK],United Kingdom,OUK,Outer Skerries Airport,60.42,-0.77,degrees N and E,amee/defra 2008,
Southampton [SOU],United Kingdom,SOU,Southampton,50.95,-1.36,degrees N and E,amee/defra 2008,
Stornoway (Scotland) [SYY],United Kingdom,SYY,Stornoway,58.21,-6.33,degrees N and E,amee/defra 2008,
Sumburgh (Scotland) [LSI],United Kingdom,LSI,Sumburgh,59.88,-1.3,degrees N and E,amee/defra 2008,
Teesside [MME],United Kingdom,MME,Teesside,54.51,-1.43,degrees N and E,amee/defra 2008,
Wick (Scotland) [WIC],United Kingdom,WIC,Wick,58.46,-3.09,degrees N and E,amee/defra 2008,
Albany [ALB],United States,ALB,Albany International,42.75,-73.8,degrees N and E,amee/defra 2008,
Annapolis [BWI],United States,BWI,Baltimore Washington International,39.18,-76.67,degrees N and E,amee/defra 2008,
Atlanta [ATL],United States,ATL,The William B Hartsfield Atlanta International,33.64,-84.43,degrees N and E,amee/defra 2008,
Augusta [AUG],United States,AUG,Augusta State,44.32,-69.8,degrees N and E,amee/defra 2008,
Austin [AUS],United States,AUS,Austin Bergstrom International,30.19,-97.67,degrees N and E,amee/defra 2008,
Baltimore [BWI],United States,BWI,Baltimore Washington International,39.18,-76.67,degrees N and E,amee/defra 2008,
Baton Rouge [BTR],United States,BTR,Baton Rouge Metro Ryan Fld,30.53,-91.15,degrees N and E,amee/defra 2008,
Bismarck [BIS],United States,BIS,Bismarck Municipal Airport,46.77,-100.75,degrees N and E,amee/defra 2008,
Boise [BOI],United States,BOI,Boise Air Terminal,43.56,-116.22,degrees N and E,amee/defra 2008,
Boston [BOS],United States,BOS,General Edward Lawrence Logan International,42.36,-71.01,degrees N and E,amee/defra 2008,
Carson City [CSN],United States,CSN,Carson Airport ,39.19,-119.73,degrees N and E,amee/defra 2008,
Charleston [CHS],United States,CHS,Charleston Afb International,32.9,-80.04,degrees N and E,amee/defra 2008,
Charlotte [CLT],United States,CLT,Charlotte Douglas International,35.21,-80.94,degrees N and E,amee/defra 2008,
Cheyenne [CYS],United States,CYS,Cheyenne,41.16,-104.81,degrees N and E,amee/defra 2008,
Chicago [MDW],United States,MDW,Chicago Midway International,41.79,-87.75,degrees N and E,amee/defra 2008,
Cleveland [CLE],United States,CLE,Cleveland Hopkins International,41.41,-81.85,degrees N and E,amee/defra 2008,
Colorado Springs [COS],United States,COS,City Of Colorado Springs Muni,38.81,-104.7,degrees N and E,amee/defra 2008,
Columbia [COU],United States,COU,Columbia Rgnl,38.82,-92.22,degrees N and E,amee/defra 2008,
Columbus [CMH],United States,CMH,Port Columbus International,40,-82.89,degrees N and E,amee/defra 2008,
Concord [MHT],United States,MHT,Manchester-Boston Regional Airport,42.93,-71.44,degrees N and E,amee/defra 2008,
Dallas [DAL],United States,DAL,Dallas Love Fld,32.85,-96.85,degrees N and E,amee/defra 2008,
Denver [DEN],United States,DEN,Denver International,39.86,-104.67,degrees N and E,amee/defra 2008,
Des Moines [DSM],United States,DSM,Des Moines International,41.53,-93.66,degrees N and E,amee/defra 2008,
Detroit [DET],United States,DET,Detroit City,42.41,-83.01,degrees N and E,amee/defra 2008,
Dover [DOV],United States,DOV,Dover Afb,39.13,-75.47,degrees N and E,amee/defra 2008,
El Paso [BIF],United States,BIF,Biggs Aaf,31.85,-106.38,degrees N and E,amee/defra 2008,
Fort Worth [FTW],United States,FTW,Fort Worth Meacham International,32.82,-97.36,degrees N and E,amee/defra 2008,
Frankfort [SDF],United States,SDF,Louisville International Airport,38.17,-85.74,degrees N and E,amee/defra 2008,
Harrisburg [HAR],United States,HAR,Capital City Airport,40.22,-76.85,degrees N and E,amee/defra 2008,
Hartford [HFD],United States,HFD,Hartford Brainard,41.74,-72.65,degrees N and E,amee/defra 2008,
Helena [HLN],United States,HLN,Helena Rgnl,46.61,-111.98,degrees N and E,amee/defra 2008,
Honolulu [HNL],United States,HNL,Honolulu International,21.32,-157.93,degrees N and E,amee/defra 2008,
Houston [EFD],United States,EFD,Ellington Fld,29.61,-95.16,degrees N and E,amee/defra 2008,
Indianapolis [IND],United States,IND,Indianapolis International,39.72,-86.29,degrees N and E,amee/defra 2008,
Jackson [JAN],United States,JAN,Jackson International,32.31,-90.08,degrees N and E,amee/defra 2008,
Jefferson City [JEF],United States,JEF,Jefferson City Memorial Airport ,38.59,-92.16,degrees N and E,amee/defra 2008,
Juneau [JNU],United States,JNU,Juneau International,58.35,-134.58,degrees N and E,amee/defra 2008,
Kansas City [MCI],United States,MCI,Kansas City International,39.3,-94.71,degrees N and E,amee/defra 2008,
Lansing [LAN],United States,LAN,Capital City,42.78,-84.59,degrees N and E,amee/defra 2008,
Las Vegas [LAS],United States,LAS,Mc Carran International,36.08,-115.15,degrees N and E,amee/defra 2008,
Lincoln [LNK],United States,LNK,Lincoln Muni,40.85,-96.76,degrees N and E,amee/defra 2008,
Little Rock [LIT],United States,LIT,Adams Fld,34.73,-92.22,degrees N and E,amee/defra 2008,
Los Angeles [LAX],United States,LAX,Los Angeles International,33.94,-118.41,degrees N and E,amee/defra 2008,
Louisville [SDF],United States,SDF,Louisville International Airport,38.17,-85.74,degrees N and E,amee/defra 2008,
Madison [MSN],United States,MSN,Dane Co Rgnl Truax Fld,43.14,-89.34,degrees N and E,amee/defra 2008,
Memphis [MEM],United States,MEM,Memphis International,35.04,-89.98,degrees N and E,amee/defra 2008,
Miami [MIA],United States,MIA,Miami International,25.79,-80.29,degrees N and E,amee/defra 2008,
Milwaukee [MKE],United States,MKE,General Mitchell International,42.95,-87.9,degrees N and E,amee/defra 2008,
Minneapolis [MSP],United States,MSP,Minneapolis St Paul International,44.88,-93.22,degrees N and E,amee/defra 2008,
Montgomery [MXF],United States,MXF,Maxwell Afb,32.38,-86.36,degrees N and E,amee/defra 2008,
Montpelier [MPV],United States,MPV,Edward F Knapp State,44.2,-72.56,degrees N and E,amee/defra 2008,
Nashville [BNA],United States,BNA,Nashville International,36.12,-86.68,degrees N and E,amee/defra 2008,
New Orleans [MSY],United States,MSY,Louis Armstrong New Orleans International,29.99,-90.26,degrees N and E,amee/defra 2008,
New York City [JFK],United States,JFK,John F Kennedy International,40.64,-73.78,degrees N and E,amee/defra 2008,
Newark [EWR],United States,EWR,Newark Liberty International,40.69,-74.17,degrees N and E,amee/defra 2008,
Oakland [OAK],United States,OAK,Metropolitan Oakland International,37.72,-122.22,degrees N and E,amee/defra 2008,
Oklahoma City [OKC],United States,OKC,Will Rogers World,35.39,-97.6,degrees N and E,amee/defra 2008,
Olympia [OLM],United States,OLM,Olympia Regional Airport,46.97,-122.9,degrees N and E,amee/defra 2008,
Orlando [MCO],United States,MCO,Orlando International,28.43,-81.32,degrees N and E,amee/defra 2008,
Philadelphia [PHL],United States,PHL,Philadelphia International,39.87,-75.24,degrees N and E,amee/defra 2008,
Phoenix [LUF],United States,LUF,Luke Afb,33.54,-112.38,degrees N and E,amee/defra 2008,
Pierre [PIR],United States,PIR,Pierre Regional Airport,44.38,-100.29,degrees N and E,amee/defra 2008,
Portland [PDX],United States,PDX,Portland International,45.59,-122.6,degrees N and E,amee/defra 2008,
Providence [PVD],United States,PVD,Theodore Francis Green State,41.72,-71.43,degrees N and E,amee/defra 2008,
Raleigh [RDU],United States,RDU,Raleigh Durham International,35.88,-78.79,degrees N and E,amee/defra 2008,
Richmond [RIC],United States,RIC,Richmond International,37.51,-77.32,degrees N and E,amee/defra 2008,
Sacramento [MCC],United States,MCC,Mc Clellan Afld,38.67,-121.4,degrees N and E,amee/defra 2008,
Saint Paul [MSP],United States,MSP,Minneapolis St Paul International,44.88,-93.22,degrees N and E,amee/defra 2008,
Salem [SLE],United States,SLE,Salem Municipal Airport,44.91,-123,degrees N and E,amee/defra 2008,
Salt Lake City [SLC],United States,SLC,Salt Lake City International,40.79,-111.98,degrees N and E,amee/defra 2008,
San Antonio [RND],United States,RND,Randolph Afb,29.53,-98.28,degrees N and E,amee/defra 2008,
San Diego [NZY],United States,NZY,North Island Nas,32.7,-117.22,degrees N and E,amee/defra 2008,
San Francisco [SFO],United States,SFO,San Francisco International,37.62,-122.37,degrees N and E,amee/defra 2008,
Santa Fe [SAF],United States,SAF,Santa Fe Muni,35.62,-106.09,degrees N and E,amee/defra 2008,
Seattle [BFI],United States,BFI,Boeing Fld King Co International,47.53,-122.3,degrees N and E,amee/defra 2008,
Springfield [SPI],United States,SPI,Abraham Lincoln Capital Airport,39.84,-89.68,degrees N and E,amee/defra 2008,
Tallahassee [TLH],United States,TLH,Tallahassee Rgnl,30.4,-84.35,degrees N and E,amee/defra 2008,
Topeka [FOE],United States,FOE,Forbes Fld,38.95,-95.66,degrees N and E,amee/defra 2008,
Trenton [TTN],United States,TTN,Trenton Mercer,40.28,-74.81,degrees N and E,amee/defra 2008,
Washington D.C. [IAD],United States,IAD,Washington Dulles International,38.94,-77.46,degrees N and E,amee/defra 2008,
San Juan [SIG],Puerto Rico,SIG,Fernando Luis Ribas Dominicci,18.46,-66.1,degrees N and E,amee/defra 2008,
Montevideo [MVD],Uruguay,MVD,Angel S Adami,-34.79,-56.26,degrees N and E,amee/defra 2008,
Tashkent [TAS],Uzbekistan,TAS,Yuzhny,41.26,69.28,degrees N and E,amee/defra 2008,
Port-Vila [VLI],Vanuatu,VLI,Port Vila Bauerfield,-17.7,168.32,degrees N and E,amee/defra 2008,
Caracas [CCS],Venezuela,CCS,Simon Bolivar International,10.6,-66.99,degrees N and E,amee/defra 2008,
Hanoi [HAN],Vietnam,HAN,Noibai International,21.22,105.81,degrees N and E,amee/defra 2008,
Ho Chi Minh City [SGN],Vietnam,SGN,Tansonnhat International,10.82,106.66,degrees N and E,amee/defra 2008,
Sanaa [SAH],Yemen,SAH,Sana'a International Airport,15.48,44.22,degrees N and E,amee/defra 2008,
Lusaka [LUN],Zambia,LUN,Lusaka International,-15.33,28.45,degrees N and E,amee/defra 2008,
Harare [HRE],Zimbabwe,HRE,Harare International,-17.93,31.09,degrees N and E,amee/defra 2008,
